Subject,Room,Date,Teacher,Ordinary/Reexam,Oral/Writen,ECTS,External examinor
rwd, X302, 10/01/2020, AJSBD, ASD, ASD ,10 ,ASDASD
rwd, X301, 16/01/2020, asasdn, jknk, jnj ,20 ,externallll
rwd, X301, 11/01/2020, asasdn, jknk, jnj ,20 ,externallll
rwd, X301, 19/01/2020, asasdn, jknk, jnj ,20 ,externallll
sse, X302, 17/01/2020, Astroid, Ordinary, Written ,10 ,nope
sse, X303, 20/01/2020, Astroid, Ordinary, Written ,10 ,NEWNEW
rwd, X301, 12/01/2020, 123, 123, 123 ,123 ,NOW ITS OK :)
rwd, X301, 15/01/2020, 99, 99, 99 ,99 ,99
